CulturalCenterVisits,SchoolSize,SchoolVisits,TeacherEmails,Webinars,YESApplicants
4,832,21,182,17,459.8506028587893
6,696,6,258,13,800.7975970600711
5,581,17,247,5,382.82065797233133
9,519,8,283,13,439.2686197441491
4,425,9,203,10,510.0515578541755
8,294,7,299,0,399.3610652575335
0,306,4,250,0,272.4906127633883
7,590,9,270,16,570.4239055249222
4,967,19,180,13,230.6325614942043
7,408,6,295,19,547.3041712588981
10,420,4,265,5,597.0097021554046
0,540,5,170,20,664.0238813735389
0,780,30,135,17,582.0193660775568
4,591,3,162,7,622.5660280198657
3,931,40,290,10,1059.860103339883
2,970,11,98,19,654.5609074056937
0,773,16,146,4,540.0909895054854
7,230,6,191,4,281.8613059969561
1,833,21,84,15,430.6325017908224
0,730,1,44,2,249.18886866754852
8,924,12,59,6,273.49923296601054
5,476,3,175,3,439.74865481904925
2,889,26,51,1,338.10250032581814
10,888,22,40,20,131.39129583057627
3,899,15,161,16,174.02940440610882
6,795,30,104,1,705.4155870124622
2,624,7,252,6,550.3230883870126
1,295,7,198,5,419.72485619079373
3,960,16,202,11,974.3066502387244
0,530,12,218,4,591.7356237635491
8,460,5,213,8,273.8280559215911
8,904,17,273,0,428.01232305780104
8,722,0,41,18,622.1082916186568
4,318,3,240,13,280.09530831558453
10,344,1,225,13,491.2374133876408
2,434,4,121,11,178.52624313289607
8,638,13,267,6,382.67901966228817
7,915,6,38,20,351.4120335791367
7,535,3,72,16,401.9883677963557
9,799,12,287,18,409.0747360972525
4,330,0,48,1,316.86623942265504
9,206,6,150,18,126.7244048230328
10,662,18,294,15,701.2214653839471
1,850,27,249,5,339.3365795249558
8,682,23,57,1,95.13960328069435
10,932,6,104,15,775.0449888459292
8,658,16,213,14,712.6138272157631
8,505,17,189,5,196.42053543808936
7,595,21,291,8,322.738805248268
7,800,14,205,3,958.3426487990146
9,559,1,51,6,67.72207421469243
5,400,9,80,7,444.6415523856516
7,620,21,46,2,523.4739152479553
3,585,23,80,8,169.6366356633496
6,503,11,222,8,346.7028042226581
10,405,7,119,9,295.68224578682424
3,455,9,277,7,357.18683925883056
5,320,7,157,6,263.14991604615454
8,654,13,134,16,274.5117868179236
5,917,22,194,8,1001.3203982163053
9,490,4,72,14,224.7627955041584
4,527,10,180,11,231.58909223240914
5,278,4,161,4,261.78143255024514
6,305,4,62,18,153.28266240422886
4,691,6,259,10,213.27607731547312
3,570,12,118,16,520.2364668214451
10,633,7,151,6,166.38135543906944
4,218,1,97,3,166.49630793633273
5,737,17,243,2,742.3868207274371
4,835,28,284,7,1068.0470845773905
8,940,11,213,10,488.0097705184694
2,798,2,120,19,404.5530654898148
6,927,14,285,0,414.8147999936315
0,990,3,219,1,660.4502828565104
0,714,14,246,10,248.62701646157666
9,479,16,296,10,349.3141337254338
4,773,10,191,18,533.2571803810871
0,742,6,142,11,479.6616345498467
9,796,15,243,15,462.0367880492246
9,310,8,45,4,189.17661273481798
9,850,12,233,17,883.0071707958898
1,519,14,36,8,163.25794577425185
10,522,3,183,6,546.8405371617706
9,298,2,263,20,478.15839417503844
4,387,9,177,4,255.60810872727723
2,680,17,149,6,777.7512380815771
6,936,4,172,5,266.27957494819947
7,584,9,198,2,615.2515460857358
4,296,1,235,1,462.2494172353284
10,608,11,208,4,611.1564302573978
6,214,6,237,2,394.4847963353301
2,860,25,210,14,1010.9937971605199
8,966,5,189,9,254.29803293432616
0,833,5,74,8,521.5224360086237
10,954,7,94,17,867.5737617228773
5,863,26,116,0,987.8155306226199
7,439,11,204,17,519.1782022564602
9,636,2,105,11,266.0428856130887
10,219,1,123,14,299.31550120921753
1,958,21,49,6,304.6272178510687
2,905,7,156,9,652.7491741943222
5,878,21,275,9,449.10159581664664
9,918,24,230,12,815.1144258852039
6,432,8,112,10,430.8901251141684
0,470,4,101,16,362.81066604315174
4,644,11,272,13,478.9357683221445
0,680,24,257,10,633.1613847054693
4,838,5,226,19,923.8517420287999
7,200,3,222,17,360.98897568516225
0,763,17,163,4,285.4068355535009
0,963,22,238,3,248.48975407864768
2,726,11,200,8,520.9216597829947
8,723,9,49,17,512.5581813993908
9,735,19,140,10,242.04462753974937
7,655,16,77,9,360.4626578044441
4,390,9,55,7,175.4160637754533
6,326,9,146,8,153.2929074694633
9,312,15,145,10,406.96688803855534
8,540,3,87,9,342.7854143511552
9,272,5,229,13,196.93624964581855
8,802,8,130,20,216.68716603374907
9,933,17,98,4,976.4200371983036
2,515,3,294,13,442.66019397292155
5,420,12,165,8,178.6032668606616
0,556,2,212,12,563.7919325361112
1,256,10,176,2,383.9103910806512
8,641,1,232,17,595.3655892568169
8,567,12,206,1,410.4008126454953
2,868,24,182,15,563.464526008063
1,476,2,254,7,503.8492896160826
5,993,26,216,19,633.3014532943475
10,460,5,228,16,564.156356113453
3,532,17,84,20,351.3153703750855
0,403,6,69,20,225.44726616557494
6,922,25,245,13,516.2562645905257
0,633,13,123,15,688.7839850743024
1,560,13,235,17,443.7941785693853
1,589,13,92,1,517.686482620118
0,537,2,293,17,486.9729546659182
5,960,5,173,0,1025.658380366808
8,562,26,118,1,300.77727437454683
3,954,6,187,12,786.8197661985977
8,636,7,160,6,491.9157088677178
10,934,6,171,2,212.36393488910915
2,956,12,187,5,948.9907256404273
4,441,3,105,13,439.825007155682
8,569,7,179,3,551.0700496468984
1,674,10,293,2,724.6429838094566
7,981,31,131,19,251.31526719980684
7,591,8,167,14,587.4381622341565
0,886,39,261,8,1037.106350624507
10,393,17,39,11,380.66339470932417
7,714,7,80,9,95.3028829537674
10,842,11,233,6,339.9698826422039
2,350,15,179,11,477.4319803040635
4,587,10,50,11,400.2060322067814
9,472,4,260,16,573.170662324932
6,992,18,86,18,276.6929410531693
10,1000,27,273,12,646.3888210397675
2,688,9,36,10,372.93557447458437
0,675,7,164,10,771.9129609279478
8,505,15,47,20,108.772585837847
6,618,12,148,15,243.38778092279492
1,451,1,85,2,504.59147554447674
9,992,28,66,13,693.4674292656173
3,737,5,108,5,721.5406610169217
2,736,9,292,0,567.2228382601443
4,322,8,177,20,347.84305230470875
4,750,13,182,10,585.418246675329
10,460,6,212,13,229.42825110298517
6,811,5,263,1,909.4226910072663
0,314,4,109,8,284.1433361856445
9,753,10,151,0,558.3692039527392
7,379,5,285,8,316.3718261618946
3,916,1,72,3,607.0165486145288
4,454,0,173,16,497.6691684380847
7,589,12,55,17,161.6697213248634
10,982,27,178,3,287.53331721832683
3,395,2,85,3,329.8537667224797
9,344,5,91,16,206.0733135617252
10,785,7,223,12,352.5178875531975
5,392,7,160,16,234.58487824043578
7,956,12,41,10,110.69114310075165
10,798,26,42,2,338.397542833196
4,248,5,48,7,241.98468152490582
0,443,13,91,7,219.9738901989872
4,259,5,145,9,350.2978743172525
1,783,27,205,8,521.0952749268172
7,892,22,45,20,299.3666411011171
10,452,2,204,0,601.6720921126829
3,364,8,223,12,369.69753592229057
10,373,12,149,6,320.211496189639
2,825,17,145,0,858.817985837339
1,768,8,240,14,720.6125743720088
9,424,6,129,19,241.96454783742394
4,744,26,258,15,244.08155078890263
10,473,5,121,0,567.5669403009819
7,605,0,156,9,594.4113012074185
1,903,7,195,9,324.1240639068846
6,838,5,122,11,921.3018969433465
7,489,13,110,16,280.2310775668651
0,225,2,135,16,165.081937001587
0,869,26,293,9,505.0795699439438
5,334,6,123,3,228.09301419734552
10,634,17,184,0,516.1845182731261
4,658,5,258,9,777.428144633895
5,492,0,293,6,321.63849253488905
7,933,24,264,16,325.17015478685397
9,580,16,245,16,473.8251023078973
5,714,10,199,20,595.7471010750321
5,806,24,227,11,394.34654550123724
7,643,4,101,12,710.9844623336515
10,583,16,248,1,704.7769471890255
5,698,14,91,3,445.68492654822256
9,683,12,143,18,790.3537870177747
8,293,2,103,7,341.20818627205074
2,561,1,61,8,205.32919813487237
9,989,22,95,16,663.7887578083853
5,329,2,191,5,365.89054187089823
7,540,5,117,7,128.0907255075629
0,503,5,262,18,359.8322356137809
4,941,28,277,7,1174.836796946182
3,632,8,110,11,355.5380303834277
3,587,25,233,18,274.2791185229058
4,869,6,154,10,467.8937828009472
8,595,7,90,13,256.03396505700067
1,290,9,228,19,420.4755186253928
6,983,25,255,13,1170.5480501425468
9,241,2,202,16,257.2873901770921
3,370,11,170,17,325.2865939420104
10,206,6,258,2,271.5460684056585
3,780,18,232,7,501.9915464939251
5,859,7,187,8,200.15229369849473
6,597,22,272,12,565.0950037589508
9,740,13,159,15,752.065932127643
2,829,22,129,18,522.8363960185876
1,368,7,200,15,462.21243570268354
2,939,8,65,14,730.0037246723795
8,850,17,154,7,688.1225824542754
3,362,8,217,5,379.8366100320959
7,783,11,70,5,290.9074982088163
10,208,4,167,6,301.90930723091793
7,310,4,188,9,261.31386067921886
7,821,8,49,18,781.468006236367
4,705,18,203,17,584.7288165569942
8,272,3,110,13,231.46436872548216
2,782,8,237,6,873.5911852058325
4,314,7,163,13,178.74488146743758
8,713,28,90,17,517.7520442370101
0,670,5,155,11,460.5491132949754
3,364,8,299,3,480.09785719563797
4,868,17,215,16,459.04777303932036
6,807,21,66,1,771.5667043482199
0,514,14,277,6,670.2458317219485
8,404,3,289,16,523.7271267435801
1,369,8,281,13,341.5105148787345
8,471,5,221,2,301.43765121797105
8,527,12,232,1,604.2254654935766
7,233,4,41,19,180.83636606692727
3,741,34,193,6,849.4558171379381
6,748,22,125,3,750.9242595370878
9,518,21,82,3,236.4241135391913
1,359,7,199,8,461.48341552399324
8,664,8,230,19,707.1919831212539
2,476,3,131,5,327.06564116547656
8,733,3,144,4,413.94286992263505
8,351,9,129,9,251.4161590089331
0,961,7,58,8,477.296914169508
6,526,2,208,17,657.7878739870831
2,854,10,64,13,103.59857364719767
9,867,7,250,12,759.0815268175354
10,524,13,62,17,385.30882336185755
9,682,1,119,8,642.4474990245628
9,797,1,254,9,853.4881867210403
0,979,24,174,8,292.94993228136576
1,618,24,158,12,736.3055073965278
0,350,7,147,6,188.15695108733632
5,713,27,247,1,771.8703866552269
1,788,13,64,14,299.903940684117
4,200,1,53,11,112.27040497757388
5,630,3,124,7,623.9393508651847
0,268,0,223,18,275.1781048184609
0,965,16,269,3,856.565843503168
5,607,14,63,15,353.40224666371364
3,414,5,191,2,439.82237664208094
10,860,17,181,15,484.9299004452735
6,300,12,89,18,92.32873717511507
1,892,11,209,12,177.26757937931436
1,801,9,53,16,723.988063831667
7,730,17,248,6,592.6778272723227
10,243,6,277,12,347.73833806782096
2,513,11,119,8,394.0029812642727
1,492,12,174,4,413.1711936581889
5,940,29,298,19,746.3508037244632
4,371,7,55,15,368.58858518079586
10,375,11,290,17,395.8610699876144
5,472,13,116,12,346.02386499559225
6,638,6,201,12,441.7987965006291
3,951,21,215,8,233.3534278000819
0,949,20,97,9,649.1096772112979
1,571,24,292,15,270.5739295058946
10,707,3,167,8,682.5883577881777
9,462,4,300,14,567.7721323029342
2,667,17,123,14,680.4301044249065
8,669,9,273,1,374.19594453352306
7,963,21,63,16,253.6114468704392
5,383,14,263,1,381.5675382814564
0,537,1,152,4,499.24230220368474
0,413,3,216,19,228.55213958249362
5,687,7,235,11,375.09593745525956
8,578,10,53,6,370.00903200221325
4,981,13,120,1,498.92932688141065
9,465,13,273,6,461.5076634605402
9,858,4,247,18,667.8774628807777
10,316,2,56,4,351.44633788525044
7,554,0,277,4,648.0816744743317
2,814,6,101,13,870.1682580579994
1,876,21,188,20,640.6661093159686
6,345,8,270,19,489.40632799027173
5,613,14,163,4,701.1747267123023
3,256,2,164,5,166.5941078978803
9,492,14,221,10,391.4930466805238
9,712,15,226,0,691.8477153247109
2,522,4,165,7,493.2936992098873
9,759,4,80,13,288.53182442785135
2,910,17,48,8,114.87343353810844
2,992,9,196,1,906.0907530960299
7,287,2,36,11,56.43962825007857
1,811,19,273,2,869.0104238318189
3,322,12,299,19,242.5253754297993
10,685,19,117,4,654.1717158132228
9,369,3,38,15,378.60497861940695
8,927,33,55,1,989.3421276070087
4,534,2,53,16,508.73584074120873
10,354,2,30,17,320.9844311648708
7,783,4,224,1,801.4125969231976
1,639,18,43,10,567.1355501140122
0,779,6,167,5,530.0669059347756
6,321,14,221,6,312.5387129559496
0,641,11,237,19,729.7881902928808
6,684,10,124,10,724.9782726570103
6,591,1,72,5,89.83008980520563
7,250,4,115,4,132.00553901100267
7,736,3,251,8,915.2379614773041
8,490,3,54,16,148.131333354512
8,688,20,300,16,828.4426198626591
10,733,24,182,19,876.0630322032448
7,816,5,170,12,467.444740425829
4,942,15,141,10,628.1219877611904
7,210,3,51,10,224.86867624066238
4,985,34,138,10,226.38494482309503
7,400,6,102,2,260.6333501519838
6,390,7,182,2,395.9565671256208
4,986,25,79,3,248.60265874234037
7,276,0,280,19,323.8132275889289
7,918,4,129,7,702.4892893568747
4,992,4,300,15,1079.8409921730204
7,974,25,233,14,1019.7872628244905
7,982,12,153,7,561.9899953476419
9,345,10,139,11,143.38551766672205
1,381,8,266,11,520.5968241751207
7,309,7,209,8,286.7132567227221
10,998,6,214,11,336.15440418700535
6,759,27,272,12,519.5740091943293
0,970,15,113,15,744.2541713571878
5,419,5,125,17,486.81960070848095
10,346,6,95,15,413.55015356664137
7,810,8,222,1,733.9225952184465
5,221,6,283,8,430.10235531216443
0,846,17,159,18,177.53082920876395
5,404,7,239,20,365.6864576430063
10,442,1,154,0,193.5218931260917
6,920,9,281,6,687.7767210001821
0,521,11,223,11,233.86379981451628
4,308,10,69,10,227.4496174334693
7,967,22,107,7,381.19137068753895
10,647,19,202,5,792.7223464292114
4,951,19,242,5,887.8883909697319
1,850,23,258,2,671.0276711911534
10,905,35,298,15,1143.212177753778
3,267,2,80,10,265.80404202554547
6,416,11,172,4,520.5032723899603
2,917,8,154,1,811.2990145240399
1,654,17,200,5,465.6758737976193
5,566,3,294,2,663.7832115681679
6,501,5,110,13,573.5786004935018
9,833,16,140,15,683.9079987746524
2,963,19,155,18,709.9248236999464
6,942,20,175,5,593.0751211670253
8,501,11,78,5,513.3380138142793
0,771,12,273,6,694.3115162600858
5,695,2,168,3,158.90451755826703
6,417,13,176,12,323.39549820957245
4,750,19,255,13,618.9926413476853
9,221,9,217,8,358.99815853732986
7,372,10,148,2,183.7347503125076
6,599,27,115,12,643.3932850926121
2,313,4,185,3,282.297632424953
8,515,7,35,7,559.9796891705186
1,261,7,288,15,419.30187611258145
2,762,15,216,10,236.60558953688655
1,296,10,224,5,256.04792168779437
0,637,14,107,12,445.32864579141113
0,712,11,209,17,255.6000538466637
5,760,10,60,12,804.8287463653961
8,381,9,91,4,416.6657412741685
3,837,16,99,0,526.383000945288
1,605,10,41,12,103.150825799889
10,648,18,226,2,843.3689851737075
8,481,8,172,7,445.0454845224553
5,426,11,210,18,493.7172832756387
10,662,9,149,20,327.5022486607646
6,561,2,71,18,79.01713848033945
0,959,19,155,15,744.3380998235929
2,851,23,167,20,537.9746966425463
7,352,15,104,11,330.2346078631585
2,762,12,255,5,818.8353435121578
5,700,0,94,13,697.8910485080468
1,205,5,38,17,135.5609036524373
6,586,1,132,0,301.8725967472146
9,306,0,155,14,294.09141603314134
5,744,8,233,16,804.1677222922
9,361,8,72,10,336.98873323165355
5,474,1,73,6,283.21708319473106
4,523,2,284,20,611.8632355264268
8,870,1,181,2,219.70294073282983
6,329,6,184,6,359.9257747783237
0,474,9,112,3,523.6591380858775
6,206,5,50,10,56.70271319822003
6,870,9,178,20,831.9501830335145
6,467,11,262,4,534.3464426021383
3,234,0,203,20,163.62534724129097
2,839,18,288,17,335.34249827120595
9,757,23,162,19,772.6387515186897
7,565,1,139,6,153.83817154503862
1,704,26,121,15,457.1564547863889
5,273,4,78,16,274.07653013417365
1,853,28,114,16,277.96164562974536
3,545,2,283,1,228.03252496430008
10,725,20,39,8,172.61641379223735
3,585,2,264,19,263.5601857110941
9,967,37,135,5,349.3042741723616
1,948,3,223,1,410.3878754893289
7,609,14,33,14,523.3900297234752
9,733,27,176,4,757.3737752361524
8,846,18,113,6,807.2523371237836
3,703,23,114,11,243.23428548045382
8,618,7,233,16,561.2418068244792
4,571,12,165,5,603.4181971311853
6,430,9,163,20,306.29796066090444
10,919,14,42,15,585.5600294615859
10,403,4,63,11,400.6491390709329
9,450,8,275,7,564.0016137002026
7,512,12,266,19,228.00844756137064
6,457,19,128,13,490.87603756905503
9,785,17,169,19,561.8606589480776
7,586,7,185,8,382.6932720398442
3,433,14,202,10,253.35109056414598
9,439,4,111,7,174.8295981732956
8,340,5,220,7,403.76651634278153
6,757,16,92,14,109.42667002602788
10,546,1,254,8,570.2769715679627
2,387,12,133,19,365.2058926026072
9,602,13,238,5,461.48258071879627
6,381,3,126,13,421.987160825707
6,262,5,99,17,242.98097790642933
10,649,14,66,1,649.1588520212335
6,253,0,270,12,237.58524223271306
1,482,20,90,16,385.73869871806477
9,213,5,202,17,362.4158051991325
7,953,13,167,12,438.5803777510928
0,693,15,255,14,436.3378870796976
2,846,5,146,14,230.32522563304178
3,230,10,65,4,76.4002432942081
1,599,4,50,0,312.8978162545339
10,730,12,50,8,733.2524152756401
2,258,6,298,3,363.5196049883105
8,726,4,76,7,604.8409141499451
10,824,1,126,12,891.5879478119635
4,204,3,256,10,272.1189683338072
3,854,13,108,16,200.7700524125387
10,205,7,143,13,207.54882664617597
1,665,3,204,8,458.1032273196919
6,245,5,231,16,228.71633142073463
1,525,12,53,8,465.54853506517304
6,220,6,192,7,353.55817801366777
5,837,9,199,13,787.0106361897135
9,867,24,275,15,255.31291098258447
6,964,21,104,9,669.1176918787663
0,620,7,164,8,186.92968259344022
7,338,13,175,8,200.09823281086912
1,594,6,136,12,622.892168454956
4,390,4,266,15,218.31419819524018
9,282,4,173,4,364.62366158610763
6,720,25,92,13,785.0542543538321
0,978,27,58,4,946.6337054726365
0,407,4,58,19,86.62541277411903
0,633,1,294,1,696.2943165825761
9,366,14,211,12,303.127300162368
5,389,7,111,16,428.7908297675914
0,217,0,224,1,327.83982289946647
0,511,11,179,17,295.8746121658715
8,821,23,193,4,330.82857853719565
6,588,8,188,1,226.22913184499598
4,336,7,263,0,467.62859693482676
6,301,11,51,15,221.601554623146
4,821,21,65,10,233.29726031159012
8,748,3,89,18,359.05845002592844
8,762,10,146,15,510.3922608053561
8,316,6,135,11,167.54113639522438
8,364,10,173,1,258.65983706988624
10,563,6,184,1,534.0842590850768
1,680,3,214,17,307.57676994038263
3,341,8,40,13,282.51010625721307
2,722,9,71,11,408.6617597994649
4,676,10,248,14,466.6656029710494
3,205,2,202,17,321.3480435068727
3,683,13,91,0,775.6426652103618
1,433,9,161,3,284.23868115749445
9,969,38,226,0,666.9347595655838
1,288,6,90,14,160.12406511570532
8,240,0,133,6,228.23356921975935
9,657,15,110,16,422.3263240982311
5,413,13,151,18,460.742587116275
2,688,18,84,0,424.5529305655584
10,565,6,104,7,322.0950644963577
2,434,5,244,15,295.1216015824529
8,918,20,286,14,892.7736469464512
0,532,10,209,8,516.6549679900656
10,999,19,158,9,985.1239111685825
1,200,7,175,8,222.95378278477475
4,484,6,284,3,430.92351528884933
9,284,0,43,10,62.748945846591155
2,384,6,44,9,48.0513362078472
7,808,18,145,17,298.11095910980725
5,513,3,103,11,357.0050405853796
6,888,29,65,10,384.81497092426935
6,881,6,146,13,823.8459267850552
3,248,1,298,2,387.12591957099323
5,603,10,134,4,148.8929417882277
0,381,2,145,0,376.70063330592836
10,539,7,278,7,708.270088797065
1,307,8,184,10,342.5848287073188
10,696,17,111,0,200.36586215839267
3,759,25,132,18,652.0627255768707
0,741,15,191,16,219.0435908371698
8,230,3,155,16,204.6507094805319
8,356,4,268,7,347.0802679388921
5,225,4,289,17,318.5345278176926
6,775,29,156,9,399.8805345813362
4,829,29,33,3,275.92452597398085
1,346,14,276,17,263.84100643436057
8,284,1,102,20,242.71118444646635
6,728,4,244,13,501.2942437299015
2,892,13,98,14,665.8845156485977
5,327,9,79,16,326.9047901283457
0,781,14,36,19,273.19720211617044
6,617,9,102,17,658.1917563281078
0,788,15,92,6,172.64079323595362
6,372,9,58,4,203.8134141418405
4,667,5,75,15,256.0185153748662
10,743,3,48,3,406.25258031389103
10,464,18,84,12,131.43476049826958
5,643,14,109,16,537.3973985719113
10,863,11,260,9,253.15865902829256
4,331,7,124,3,315.4505572683197
0,235,7,178,7,184.87940092420226
8,976,10,135,14,774.6368470923211
10,294,7,224,10,204.6335890779451
4,255,4,174,6,235.166892814947
8,923,9,50,19,716.6257322430012
1,604,11,100,13,164.05450975744705
10,344,5,101,9,257.8330670528188
10,473,9,233,0,313.3799260525218
2,901,11,86,7,325.7338924786821
10,545,21,38,17,419.34741894904624
7,437,7,93,13,469.23163141093755
4,990,7,90,4,210.963854330942
9,374,8,283,18,403.88598950622463
10,969,4,162,3,215.57534891129833
10,435,6,257,17,563.1468101834233
2,372,8,85,19,112.78466934337386
0,586,10,178,9,456.17759138334037
2,389,5,178,17,373.2521448055953
3,561,4,171,17,406.6677737974827
9,769,13,57,16,407.8230266057029
6,824,13,261,0,575.2296817199312
0,548,3,181,11,676.4764757332703
0,278,1,250,18,264.30678861859576
0,742,10,187,11,660.6126037521366
4,814,5,180,18,861.7396519920087
7,409,10,218,7,492.6484135055191
2,678,7,87,13,377.8080775345969
3,266,1,30,14,261.63211925413515
4,826,11,101,20,393.5322083522676
8,977,3,149,17,780.0333870673993
4,887,22,117,15,730.7559690230293
4,603,7,246,12,226.28316048775963
0,740,19,206,0,720.8528473103509
10,389,10,99,20,121.89932856495982
5,827,8,186,1,948.4509182422094
7,916,33,204,16,977.7983061206385
0,520,2,47,19,390.9361308861105
4,700,19,228,8,399.9022385748777
9,765,13,229,0,579.1348933170782
3,880,7,114,6,808.7798760469288
3,468,7,205,14,210.44839398171243
4,919,2,52,20,727.8473434179411
3,695,17,85,20,527.6530692814168
10,901,19,61,0,567.1464553596231
8,517,4,68,9,233.76082895617228
9,232,6,89,10,213.9719458672261
6,791,11,158,7,780.2554373757102
5,405,8,81,17,435.8512486520417
5,520,11,183,7,591.182480869134
0,697,14,194,10,248.50860179455938
3,477,2,36,6,353.6150228891203
5,274,8,193,11,420.92683544887603
4,621,2,243,9,373.406696500638
1,613,16,59,8,665.6905071031418
5,980,28,292,16,661.0499763811329
9,313,1,133,20,353.86200083625647
6,966,8,94,10,506.0361130552227
10,881,20,66,3,922.7639505672579
2,286,1,115,20,141.32997305196278
4,743,10,84,14,278.54563055279516
6,333,6,134,17,124.34875907002092
7,306,8,289,14,312.7980956825916
5,628,31,53,11,352.007992861461
3,767,29,49,13,551.1617045287913
0,434,13,187,11,251.42959980018878
6,825,27,126,11,516.1679548810098
5,631,21,290,4,805.3973407893379
5,904,2,169,15,977.9636101462899
4,979,33,229,6,460.3868286645887
0,486,10,46,14,104.21823049290747
0,516,14,108,20,338.3588179402959
0,998,25,189,15,197.05488955142343
10,273,5,251,15,223.95031315535786
0,658,2,181,18,776.9721842766388
6,870,6,289,9,1001.031094412477
7,606,9,220,3,189.99665399503598
10,992,12,30,12,518.0360529601049
7,286,1,107,10,117.99697062868529
3,518,0,86,10,162.8846878883414
1,257,4,85,4,210.17135644776036
8,389,6,166,20,389.15775381760426
7,352,14,283,14,458.40194082693966
10,977,5,196,6,735.8169326078503
10,660,7,208,2,536.2337840801717
1,853,2,109,8,442.6970794318248
6,427,4,84,3,172.43288636673276
0,623,22,282,9,523.9929131101956
10,963,2,275,11,666.5973083933902
2,222,7,284,4,269.33055934532626
5,664,8,297,13,546.715241203306
0,886,11,119,20,625.3814423575704
0,201,3,130,2,273.6979356163373
3,697,11,106,14,607.6041048747061
1,940,3,111,2,572.6024381071107
6,585,12,114,16,333.36857453191124
1,203,3,179,17,220.04684319738826
3,680,8,183,2,153.1886585227412
5,799,29,136,3,895.0078114321255
0,988,21,254,15,428.453945315876
0,767,10,194,6,628.9455966636276
5,838,25,110,14,882.1651880914822
7,239,8,186,18,285.59299201374785
2,924,32,33,11,211.4744956496278
7,961,35,142,6,395.5419539229474
4,274,4,223,20,285.8090151718392
10,526,12,236,20,413.09952367660856
10,916,11,98,4,835.4303199257071
2,260,4,221,18,288.4896792001946
9,666,8,95,20,258.4663935411651
0,685,7,146,12,484.80949247371785
4,713,1,118,18,154.96284343176754
6,416,6,108,7,446.835734215177
0,513,2,122,8,567.2161430022022
1,577,15,109,6,355.2420606552978
6,927,27,285,14,904.0750571275252
9,814,22,293,12,594.1988599269956
5,235,2,128,14,194.52622808509284
8,560,5,100,7,594.3631140043487
2,332,1,276,19,243.57780003326667
7,770,15,163,11,858.0676175417609
7,941,10,176,16,359.9957420577769
1,746,4,170,10,493.2410720096241
0,839,10,42,7,628.811332050395
4,775,19,112,0,369.47274307928177
2,987,12,173,2,166.1612067433164
3,738,5,298,17,362.29610799422994
5,245,1,149,6,149.99276865036921
5,760,2,157,2,685.0465533622779
7,707,4,41,17,356.0771388987021
4,393,5,165,20,359.2780507984305
6,848,6,175,20,565.0437335956221
6,608,3,247,14,468.42098788786205
2,389,8,188,19,328.69058736317396
8,467,12,198,10,533.8464721907333
5,686,5,222,2,359.2279355760752
1,735,5,43,1,181.84018370918588
2,604,13,268,14,666.5360201064949
7,368,1,125,8,218.9646080907799
6,860,16,220,19,199.74162708442978
2,403,4,150,5,506.57342394448233
8,527,15,36,5,575.380809479367
10,543,13,82,8,589.9478654632727
7,699,2,163,19,805.9256408600384
5,330,4,49,8,309.42564362837027
9,437,10,150,7,189.7673448817221
8,616,11,210,16,452.71573745538876
0,820,16,33,8,222.8343829553607
1,663,11,158,9,764.7871564952304
3,991,3,142,4,611.4487535351767
6,417,13,85,0,233.56967615399532
3,532,9,267,18,440.9335609250221
9,727,0,208,17,555.417917020797
7,614,17,59,4,647.1297594448054
5,281,4,141,17,190.98459007920223
2,293,1,274,12,386.5538486624236
3,850,19,270,7,753.3660122220292
9,230,0,150,4,184.2833214532411
2,671,9,230,5,406.21483115276044
6,992,6,282,6,908.9649824471448
3,670,7,279,2,710.5878099915855
3,948,29,164,10,737.0126483768076
8,1000,4,169,1,284.87233957064717
4,382,8,216,5,193.88916240706732
7,801,8,131,20,813.9511973803742
7,985,10,274,11,1188.700282374879
10,734,1,231,11,706.2222593229587
0,802,7,111,17,834.0836193668366
7,638,1,64,2,657.0075805299251
5,838,7,43,15,286.57681495791417
0,730,20,93,2,665.350320828971
0,817,14,110,14,702.8459221823861
1,687,20,61,17,361.1547170572432
6,607,7,107,0,619.9653709950843
6,442,5,99,12,496.43919076184034
5,352,4,155,8,306.8175039622249
1,241,6,203,14,318.5578735367964
7,392,0,197,6,164.32837600136486
0,558,13,80,20,583.7738633897816
8,704,6,234,1,696.438153607014
1,742,3,71,3,669.6387372052347
2,923,8,70,8,606.5946735920584
8,809,19,142,2,184.85045472014153
10,575,1,67,0,358.67868801657215
8,986,24,269,19,382.5672032516995
0,499,3,40,20,66.2547192116043
2,597,1,108,19,348.4306483462212
3,775,16,145,7,862.3784449822734
1,567,12,175,15,348.5589226518765
0,770,19,105,17,507.7846722054009
9,591,3,42,2,295.16441462350053
10,466,6,112,14,159.41268047837372
2,842,11,254,12,572.0775522286318
8,536,11,149,20,222.43097318324902
10,790,2,262,19,292.41815001495706
2,703,1,49,18,357.1912748010097
4,958,18,247,2,788.1836303414686
0,848,28,161,6,894.6048181646684
0,309,10,147,6,149.86558291435978
3,211,1,176,13,279.2534409028245
8,249,7,169,5,318.48483264020365
8,651,8,55,16,200.05744546204792
10,894,20,253,0,441.4163300762425
5,299,3,255,9,322.67678758939434
0,256,7,189,6,349.1209319071747
8,203,5,176,8,238.59885659459732
7,481,12,241,17,677.0464221089777
6,559,1,138,0,197.54095971192328
8,960,9,167,16,449.8880169120583
0,648,15,271,8,565.2702799388699
5,382,5,213,20,251.3522380290712
8,420,5,115,3,139.36270278244163
8,413,10,124,0,427.147041291224
6,369,1,294,3,395.87439373254506
9,554,15,263,17,685.237540303684
7,722,28,127,19,393.1721495179796
5,495,10,151,18,453.63148550575903
3,425,11,272,2,413.37144450949086
2,757,17,109,17,766.4320275820622
6,860,18,143,5,820.552529032569
10,997,26,269,3,907.3479142347014
2,680,1,136,17,516.945168083272
5,423,3,137,2,274.55074509547416
2,712,10,206,11,185.69212819856168
0,597,3,300,16,285.8809463214107
0,779,5,198,2,320.3814352126716
8,855,21,168,1,776.5032890842705
1,351,8,92,7,401.23680400836787
7,408,1,38,9,54.49541206577196
10,941,25,68,4,557.0761414287012
1,947,28,51,9,598.3179285495037
7,329,5,93,16,177.68048805309064
8,556,13,39,3,285.3725938347722
9,392,3,50,14,129.62680808745887
10,570,15,194,11,424.4161005394686
3,538,10,193,8,448.37634319742415
7,433,11,166,3,169.19714641152197
2,979,25,110,19,872.5123559397744
7,384,4,235,15,338.0311314900161
7,613,16,33,5,250.6028128637281
6,718,13,109,11,505.76436441980405
5,210,0,300,9,324.17620709214737
8,828,2,105,18,777.3365466594686
9,913,11,180,4,385.52634390692873
7,773,2,161,16,794.7696450854505
8,854,22,238,4,492.51910956090643
6,737,19,73,12,380.6140713782554
1,974,1,245,7,705.0840182560896
1,238,1,68,3,81.76090558126083
7,593,3,199,17,661.6347394524804
0,620,13,292,19,414.18052237268256
4,527,14,181,4,205.74706733358988
2,439,2,162,10,411.2079124614645
4,581,12,215,1,325.9069752541391
5,246,2,254,10,314.30079904380364
3,543,2,59,9,321.13600600049745
2,606,2,180,20,293.9810226936637
8,807,17,291,4,609.8119384872716
2,469,9,276,18,509.27502036979774
8,936,24,204,18,1057.493562448134
8,902,30,223,2,811.7427508924517
6,767,16,179,0,331.6234347245807
9,403,9,170,15,497.497321105281
3,763,15,193,17,352.59465647373133
7,499,1,235,12,207.4784425744341
7,308,11,156,15,262.9032969669305
8,843,6,144,3,636.243310781497
8,794,1,152,17,683.8243193577898
8,464,11,214,12,598.6701375351589
7,813,5,122,1,431.4968718253349
8,913,7,38,13,175.39218641456836
3,559,4,188,6,315.77037655978256
8,531,8,123,17,283.7188368839055
4,536,1,180,18,158.0795405775626
7,461,9,292,14,635.5165997659028
1,354,8,52,13,398.7835413735231
4,831,33,114,20,493.275343602639
8,755,28,91,6,152.53584024896992
7,343,8,58,1,274.8174644822755
4,499,13,221,17,633.169322651742
3,574,0,56,12,166.5290673777105
0,541,16,262,9,359.19323546242464
7,811,1,102,3,675.2183874967311
10,428,12,183,9,272.72464770227856
0,883,17,184,12,739.0869118384445
9,922,15,198,2,980.0553333026319
7,508,19,206,6,246.86854453173166
0,356,6,232,13,190.79225273079354
0,280,6,179,8,273.3311237959655
8,910,12,203,16,957.2239227613145
4,213,4,137,10,107.94098820309101
7,787,4,127,11,430.98770054439507
0,801,6,138,0,264.1423430944459
4,426,9,199,14,371.28640622546993
1,531,1,159,18,188.40984877273075
6,842,6,47,8,464.4010526396928
6,765,11,108,14,423.5967235138656
1,892,22,109,19,597.4212854667988
0,909,24,251,2,360.74405351932364
1,244,6,78,6,169.19926842048392
5,915,7,31,20,903.4806338523597
6,506,5,54,15,361.84282479157866
5,802,9,42,4,612.564055236968
3,476,6,30,19,422.2117286812121
3,605,15,41,11,457.8084412797969
4,953,10,166,16,1047.0566009925003
0,518,11,187,16,640.3298263755854
3,264,1,287,9,416.2662570474702
1,930,6,97,17,185.59266073213234
0,511,1,89,9,527.7885126382365
8,254,0,162,8,315.1774094082712
4,794,18,108,17,509.91188210484006
9,820,15,255,8,554.6861448659764
4,415,7,98,10,426.1545284137718
4,219,2,225,1,225.00621995085604
2,969,21,146,0,850.2203790140647
9,796,14,178,12,684.7754090695756
5,975,33,42,15,191.70911548729245
2,379,6,220,3,383.8674274866055
2,471,11,269,16,465.54666232034145
9,590,7,281,1,730.1473661351058
2,253,4,147,12,334.9708598115923
2,538,3,145,18,637.6755041882964
0,955,26,122,10,189.55991663864518
9,451,8,69,16,478.5241951210148
5,852,27,243,2,669.7641037631762
6,548,11,31,5,393.9462445964912
2,681,24,140,1,390.7478460735903
1,739,24,107,6,441.89940197328053
1,578,14,39,15,256.3089005356495
3,668,4,171,2,328.5904272479454
3,764,29,245,2,570.7830532837171
8,242,1,119,14,294.0555582492768
1,358,6,192,15,283.9856666431564
6,568,18,252,17,420.6332223141446
10,502,14,112,3,366.9325467998748
9,327,1,46,18,143.51164660518307
6,560,10,105,16,591.0485455515372
0,683,13,251,13,787.6813167476461
9,956,3,257,0,725.5625595041262
3,718,14,234,1,831.2570270505296
9,491,3,164,13,274.18627092115594
4,895,30,45,18,392.4367124969325
0,939,18,47,12,213.69642418993172
6,280,5,109,12,210.46945424304485
1,215,1,201,10,169.458969256239
9,617,17,148,14,523.4173423937822
2,756,27,292,17,698.0652751962042
7,281,2,43,5,107.8320936832021
8,956,10,142,9,166.418439436663
2,916,12,283,19,585.4660713625855
1,408,11,182,1,154.60911330896104
9,913,29,134,17,941.3328208289557
3,270,5,198,16,394.3217590869894
7,532,2,50,18,190.54662327548078
7,666,12,237,4,234.14490210437756
10,597,21,214,20,339.4499584063749
3,683,4,189,14,502.0982302461708
10,834,2,246,14,912.9734229494284
3,641,22,155,20,697.1242661423393
6,442,8,171,18,284.28504525700623
7,267,5,158,12,213.4140600897226
1,698,5,282,13,327.1505172745799
0,655,15,149,16,484.4376699111585
3,757,24,197,16,498.79638137157787
0,719,14,187,11,530.3674050312334
5,283,1,101,1,109.09932508654987
8,243,4,99,20,233.30659477415065
10,370,10,281,16,305.0238011074079
6,243,9,216,18,216.25497128130715
7,512,10,87,8,356.3729075366227
2,659,22,194,17,782.7012042033257
1,817,15,246,14,257.9377426427691
6,254,4,149,11,293.3048416129723
7,308,11,297,9,500.14958668611234
5,798,20,236,20,534.2965586973668
8,434,5,202,11,395.46771300599346
0,988,16,164,9,685.984481245498
0,872,5,154,5,428.0485748905791
0,929,26,148,19,492.5582193478688
7,480,5,81,0,303.7886583712339
6,343,12,243,1,377.32085832731264
6,384,6,82,19,434.7711566760925
0,370,9,174,3,407.552587707672
10,390,9,98,9,332.5474748647313
7,245,5,107,3,253.32150190454908
7,918,8,68,18,145.9894068691605
0,559,10,282,0,246.25116115548803
9,986,37,217,5,644.0451848035758
9,523,10,96,20,520.895579786089
10,495,2,44,16,531.2146352832067
7,719,24,250,15,834.3970172867488
10,861,24,35,13,319.7860004618443
0,472,4,202,20,260.0087108281506
7,325,5,68,5,158.14154077545226
9,202,3,50,3,245.2462734139447
7,356,3,295,17,267.9773628128835
2,756,1,109,5,465.26074841528333
9,488,4,140,4,157.0881154444449
2,302,6,258,5,476.36033834130126
7,768,4,255,9,381.36414168266646
1,519,5,103,17,274.66685379086164
7,993,8,270,14,399.1741974809652
1,596,2,80,18,154.68724380370335
3,850,12,40,10,890.1530753717003
10,831,2,149,12,455.4491781750044
7,596,16,200,3,389.7677942380027
1,977,20,200,16,405.03103926443754
2,860,5,291,11,487.1686800509484
8,822,23,164,6,710.7321271143713
10,619,4,208,3,725.1404260042624
3,648,7,31,10,254.86776469056105
2,875,20,95,18,903.7912571020088
4,447,5,217,6,253.89566520367114
2,948,2,226,13,248.87729243708384
8,699,17,110,9,753.1233756101079
2,294,1,254,0,275.47261729825357
9,725,10,130,7,738.3681116905
10,327,5,282,13,291.6493095062506
6,489,9,36,16,436.3424111500967
7,287,1,183,19,267.7726082853938
4,282,2,92,4,354.8342180027151
4,926,29,114,17,206.62509127039831
8,565,8,270,14,384.8909360091213
5,975,7,94,6,190.42468265357047
10,306,4,231,10,317.24209739384014
9,477,1,233,9,599.164655813626
6,864,9,36,14,376.9972594991188
5,536,7,204,16,183.58292047907716
5,676,9,217,9,294.3180773014249
1,540,2,215,14,634.2110950677317
3,896,25,207,2,597.6681814633046
1,614,17,144,5,555.7746565085359
0,320,8,165,8,134.73111288411914
10,238,2,257,19,229.27688780415653
